-- =====================================================================
-- SCRIPT SIMPLIFICADO PARA SQLITE - DATOS DE PRUEBA CUADERNO CALIFICADOR
-- Ejecutar lÚnea por lÚnea o en secciones si hay problemas
-- =====================================================================

-- =====================================================================
-- 1. LIMPIAR DATOS EXISTENTES (OPCIONAL)
-- =====================================================================
-- Comentar esta secciµn si quieres mantener datos existentes
/*
DELETE FROM DetallesEvaluacion;
DELETE FROM Evaluaciones;
DELETE FROM ValoresRubrica;
DELETE FROM InstrumentoRubricas;
DELETE FROM InstrumentoMaterias;
DELETE FROM RubricaNiveles;
DELETE FROM ItemsEvaluacion;
DELETE FROM Rubricas;
DELETE FROM InstrumentosEvaluacion;
DELETE FROM Estudiantes;
DELETE FROM Materias;
DELETE FROM NivelesCalificacion;
DELETE FROM GruposCalificacion;
*/

-- =====================================================================
-- 2. VERIFICAR PERëODOS ACADèMICOS EXISTENTES
-- =====================================================================
-- Si no existen, crear el perÚodo objetivo
INSERT OR IGNORE INTO PeriodosAcademicos (Id, Codigo, Nombre, Tipo, Aþo, NumeroPeriodo, FechaInicio, FechaFin, Activo, Estado, Descripcion, Creditos, FechaCreacion)
VALUES (1, 'PQ2025-1', 'Primer Cuatrimestre', 0, 2025, 1, '2025-01-15', '2025-05-15', 1, 'Activo', 'Primer cuatrimestre del aþo 2025', 0, datetime('now'));

-- =====================================================================
-- 3. GRUPOS Y NIVELES DE CALIFICACIÆN
-- =====================================================================
INSERT OR IGNORE INTO GruposCalificacion (IdGrupo, NombreGrupo, Descripcion, Estado, FechaCreacion)
VALUES (1, 'Evaluaciµn EstÃndar', 'Niveles de calificaciµn estÃndar para evaluaciones generales', 'ACTIVO', datetime('now'));

INSERT OR IGNORE INTO NivelesCalificacion (IdNivel, NombreNivel, Descripcion, OrdenNivel, IdGrupo)
VALUES 
(1, 'Excelente', 'Desempeþo excepcional que supera las expectativas', 1, 1),
(2, 'Bueno', 'Desempeþo satisfactorio que cumple las expectativas', 2, 1),
(3, 'Regular', 'Desempeþo bÃsico que necesita mejoras', 3, 1),
(4, 'Deficiente', 'Desempeþo por debajo de las expectativas', 4, 1);

-- =====================================================================
-- 4. MATERIA DE EJEMPLO
-- =====================================================================
INSERT OR IGNORE INTO Materias (MateriaId, Codigo, Nombre, Descripcion, Creditos, HorasSemanales, Tipo, Estado, Activa, FechaCreacion)
VALUES (1, 'MAT101', 'MatemÃticas I', 'Curso fundamental de matemÃticas bÃsicas', 4, 6, 'Obligatoria', 'ACTIVO', 1, datetime('now'));

-- =====================================================================
-- 5. ESTUDIANTES DE PRUEBA
-- =====================================================================
INSERT OR IGNORE INTO Estudiantes (IdEstudiante, Nombre, Apellidos, NumeroId, DireccionCorreo, Institucion, Grupos, Aþo, PeriodoAcademicoId)
VALUES 
(1, 'Juan Carlos', 'PÕrez RodrÚguez', '2025001', 'juan.perez@estudiante.edu', 'Universidad Ejemplo', 'A1', 2025, 1),
(2, 'MarÚa JosÕ', 'GonzÃlez Lµpez', '2025002', 'maria.gonzalez@estudiante.edu', 'Universidad Ejemplo', 'A1', 2025, 1),
(3, 'Carlos Alberto', 'MartÚnez Silva', '2025003', 'carlos.martinez@estudiante.edu', 'Universidad Ejemplo', 'A1', 2025, 1),
(4, 'Ana Patricia', 'RamÚrez Castro', '2025004', 'ana.ramirez@estudiante.edu', 'Universidad Ejemplo', 'A1', 2025, 1),
(5, 'Luis Fernando', 'Torres Mendoza', '2025005', 'luis.torres@estudiante.edu', 'Universidad Ejemplo', 'A1', 2025, 1);

-- =====================================================================
-- 6. INSTRUMENTOS DE EVALUACIÆN
-- =====================================================================
INSERT OR IGNORE INTO InstrumentosEvaluacion (InstrumentoId, Nombre, Descripcion, Activo, FechaCreacion)
VALUES 
(1, 'Tarea 1', 'Primera tarea del perÚodo acadÕmico', 1, datetime('now')),
(2, 'Tarea 2', 'Segunda tarea del perÚodo acadÕmico', 1, datetime('now')),
(3, 'Proyecto 1', 'Primer proyecto integral del curso', 1, datetime('now'));

-- =====================================================================
-- 7. RÖBRICAS
-- =====================================================================
INSERT OR IGNORE INTO Rubricas (IdRubrica, NombreRubrica, Descripcion, Estado, FechaCreacion, EsPublica, IdGrupo)
VALUES 
(1, 'Rºbrica Tarea 1', 'Evaluaciµn para la primera tarea', 'ACTIVO', datetime('now'), 1, 1),
(2, 'Rºbrica Tarea 2', 'Evaluaciµn para la segunda tarea', 'ACTIVO', datetime('now'), 1, 1),
(3, 'Rºbrica Proyecto 1', 'Evaluaciµn integral del primer proyecto', 'ACTIVO', datetime('now'), 1, 1);

-- =====================================================================
-- 8. ITEMS DE EVALUACIÆN
-- =====================================================================
INSERT OR IGNORE INTO ItemsEvaluacion (IdItem, NombreItem, Descripcion, Peso, IdRubrica)
VALUES 
-- Items para Rºbrica Tarea 1
(1, 'Cumplimiento de objetivos', 'Alcanza los objetivos planteados', 25.0, 1),
(2, 'Calidad del contenido', 'Contenido relevante y bien estructurado', 30.0, 1),
(3, 'Presentaciµn', 'Formato y presentaciµn adecuados', 20.0, 1),
(4, 'Entrega puntual', 'Cumple con los tiempos establecidos', 25.0, 1),

-- Items para Rºbrica Tarea 2
(5, 'AnÃlisis crÚtico', 'Demuestra pensamiento crÚtico', 40.0, 2),
(6, 'Uso de fuentes', 'Utiliza fuentes confiables y actuales', 30.0, 2),
(7, 'Coherencia', 'Ideas organizadas y coherentes', 30.0, 2),

-- Items para Rºbrica Proyecto 1
(8, 'Planificaciµn', 'Evidencia planificaciµn adecuada', 20.0, 3),
(9, 'Desarrollo', 'Desarrollo completo del proyecto', 40.0, 3),
(10, 'Innovaciµn', 'Aportes creativos e innovadores', 20.0, 3),
(11, 'Presentaciµn final', 'Comunicaciµn efectiva de resultados', 20.0, 3);

-- =====================================================================
-- 9. VALORES DE RÖBRICA (SIMPLIFICADO)
-- =====================================================================
-- Valores para Rºbrica Tarea 1
INSERT OR IGNORE INTO ValoresRubrica (IdValor, IdRubrica, IdItem, IdNivel, ValorPuntos) VALUES (1, 1, 1, 1, 25.0);
INSERT OR IGNORE INTO ValoresRubrica (IdValor, IdRubrica, IdItem, IdNivel, ValorPuntos) VALUES (2, 1, 1, 2, 20.0);
INSERT OR IGNORE INTO ValoresRubrica (IdValor, IdRubrica, IdItem, IdNivel, ValorPuntos) VALUES (3, 1, 1, 3, 15.0);
INSERT OR IGNORE INTO ValoresRubrica (IdValor, IdRubrica, IdItem, IdNivel, ValorPuntos) VALUES (4, 1, 1, 4, 10.0);

INSERT OR IGNORE INTO ValoresRubrica (IdValor, IdRubrica, IdItem, IdNivel, ValorPuntos) VALUES (5, 1, 2, 1, 30.0);
INSERT OR IGNORE INTO ValoresRubrica (IdValor, IdRubrica, IdItem, IdNivel, ValorPuntos) VALUES (6, 1, 2, 2, 24.0);
INSERT OR IGNORE INTO ValoresRubrica (IdValor, IdRubrica, IdItem, IdNivel, ValorPuntos) VALUES (7, 1, 2, 3, 18.0);
INSERT OR IGNORE INTO ValoresRubrica (IdValor, IdRubrica, IdItem, IdNivel, ValorPuntos) VALUES (8, 1, 2, 4, 12.0);

INSERT OR IGNORE INTO ValoresRubrica (IdValor, IdRubrica, IdItem, IdNivel, ValorPuntos) VALUES (9, 1, 3, 1, 20.0);
INSERT OR IGNORE INTO ValoresRubrica (IdValor, IdRubrica, IdItem, IdNivel, ValorPuntos) VALUES (10, 1, 3, 2, 16.0);
INSERT OR IGNORE INTO ValoresRubrica (IdValor, IdRubrica, IdItem, IdNivel, ValorPuntos) VALUES (11, 1, 3, 3, 12.0);
INSERT OR IGNORE INTO ValoresRubrica (IdValor, IdRubrica, IdItem, IdNivel, ValorPuntos) VALUES (12, 1, 3, 4, 8.0);

INSERT OR IGNORE INTO ValoresRubrica (IdValor, IdRubrica, IdItem, IdNivel, ValorPuntos) VALUES (13, 1, 4, 1, 25.0);
INSERT OR IGNORE INTO ValoresRubrica (IdValor, IdRubrica, IdItem, IdNivel, ValorPuntos) VALUES (14, 1, 4, 2, 20.0);
INSERT OR IGNORE INTO ValoresRubrica (IdValor, IdRubrica, IdItem, IdNivel, ValorPuntos) VALUES (15, 1, 4, 3, 15.0);
INSERT OR IGNORE INTO ValoresRubrica (IdValor, IdRubrica, IdItem, IdNivel, ValorPuntos) VALUES (16, 1, 4, 4, 0.0);

-- Valores simplificados para otras rºbricas (solo nivel excelente)
INSERT OR IGNORE INTO ValoresRubrica (IdValor, IdRubrica, IdItem, IdNivel, ValorPuntos) VALUES (17, 2, 5, 1, 40.0);
INSERT OR IGNORE INTO ValoresRubrica (IdValor, IdRubrica, IdItem, IdNivel, ValorPuntos) VALUES (18, 2, 6, 1, 30.0);
INSERT OR IGNORE INTO ValoresRubrica (IdValor, IdRubrica, IdItem, IdNivel, ValorPuntos) VALUES (19, 2, 7, 1, 30.0);

INSERT OR IGNORE INTO ValoresRubrica (IdValor, IdRubrica, IdItem, IdNivel, ValorPuntos) VALUES (20, 3, 8, 1, 20.0);
INSERT OR IGNORE INTO ValoresRubrica (IdValor, IdRubrica, IdItem, IdNivel, ValorPuntos) VALUES (21, 3, 9, 1, 40.0);
INSERT OR IGNORE INTO ValoresRubrica (IdValor, IdRubrica, IdItem, IdNivel, ValorPuntos) VALUES (22, 3, 10, 1, 20.0);
INSERT OR IGNORE INTO ValoresRubrica (IdValor, IdRubrica, IdItem, IdNivel, ValorPuntos) VALUES (23, 3, 11, 1, 20.0);

-- =====================================================================
-- 10. RELACIONES INSTRUMENTO-MATERIA
-- =====================================================================
INSERT OR IGNORE INTO InstrumentoMaterias (InstrumentoEvaluacionId, MateriaId, PeriodoAcademicoId, FechaAsignacion, EsObligatorio)
VALUES 
(1, 1, 1, datetime('now'), 1),
(2, 1, 1, datetime('now'), 1),
(3, 1, 1, datetime('now'), 1);

-- =====================================================================
-- 11. RELACIONES INSTRUMENTO-RÖBRICA CON PONDERACIONES
-- =====================================================================
INSERT OR IGNORE INTO InstrumentoRubricas (InstrumentoEvaluacionId, RubricaId, FechaAsignacion, EsObligatorio, Ponderacion, OrdenPresentacion)
VALUES 
(1, 1, datetime('now'), 1, 30.0, 1),
(2, 2, datetime('now'), 1, 30.0, 2),
(3, 3, datetime('now'), 1, 40.0, 3);

-- =====================================================================
-- 12. EVALUACIONES DE EJEMPLO
-- =====================================================================
-- Juan Carlos: 100, 80, 90 ? Total esperado: 90.00
INSERT OR IGNORE INTO Evaluaciones (IdEvaluacion, IdEstudiante, IdRubrica, FechaEvaluacion, TotalPuntos, Observaciones, Estado)
VALUES 
(1, 1, 1, datetime('now', '-10 days'), 100.0, 'Excelente trabajo', 'FINALIZADA'),
(2, 1, 2, datetime('now', '-8 days'), 80.0, 'Buen trabajo', 'FINALIZADA'),
(3, 1, 3, datetime('now', '-5 days'), 90.0, 'Muy buen proyecto', 'FINALIZADA');

-- MarÚa JosÕ: 85, 75, 88 ? Total esperado: 83.20
INSERT OR IGNORE INTO Evaluaciones (IdEvaluacion, IdEstudiante, IdRubrica, FechaEvaluacion, TotalPuntos, Observaciones, Estado)
VALUES 
(4, 2, 1, datetime('now', '-10 days'), 85.0, 'Muy buen trabajo', 'FINALIZADA'),
(5, 2, 2, datetime('now', '-8 days'), 75.0, 'Trabajo satisfactorio', 'FINALIZADA'),
(6, 2, 3, datetime('now', '-5 days'), 88.0, 'Excelente proyecto', 'FINALIZADA');

-- Carlos: 92, 78, 95 ? Total esperado: 88.60
INSERT OR IGNORE INTO Evaluaciones (IdEvaluacion, IdEstudiante, IdRubrica, FechaEvaluacion, TotalPuntos, Observaciones, Estado)
VALUES 
(7, 3, 1, datetime('now', '-10 days'), 92.0, 'Trabajo sobresaliente', 'FINALIZADA'),
(8, 3, 2, datetime('now', '-8 days'), 78.0, 'Buen esfuerzo', 'FINALIZADA'),
(9, 3, 3, datetime('now', '-5 days'), 95.0, 'Proyecto excepcional', 'FINALIZADA');

-- Ana: Solo tiene 2 evaluaciones (para probar valores por defecto)
INSERT OR IGNORE INTO Evaluaciones (IdEvaluacion, IdEstudiante, IdRubrica, FechaEvaluacion, TotalPuntos, Observaciones, Estado)
VALUES 
(10, 4, 1, datetime('now', '-10 days'), 88.0, 'Muy buen desempeþo', 'FINALIZADA'),
(11, 4, 2, datetime('now', '-8 days'), 82.0, 'Trabajo consistente', 'FINALIZADA');

-- Luis: Solo tiene 1 evaluaciµn (para probar mÃs valores por defecto)
INSERT OR IGNORE INTO Evaluaciones (IdEvaluacion, IdEstudiante, IdRubrica, FechaEvaluacion, TotalPuntos, Observaciones, Estado)
VALUES 
(12, 5, 1, datetime('now', '-10 days'), 76.0, 'Trabajo aceptable', 'FINALIZADA');

-- =====================================================================
-- 13. CONSULTA DE VERIFICACIÆN
-- =====================================================================
SELECT 'VERIFICACIÆN DE DATOS INSERTADOS' as Info;

SELECT 'Materias' as Tabla, COUNT(*) as Total FROM Materias WHERE MateriaId = 1;
SELECT 'Estudiantes' as Tabla, COUNT(*) as Total FROM Estudiantes WHERE PeriodoAcademicoId = 1;
SELECT 'Instrumentos' as Tabla, COUNT(*) as Total FROM InstrumentosEvaluacion WHERE InstrumentoId IN (1,2,3);
SELECT 'Rºbricas' as Tabla, COUNT(*) as Total FROM Rubricas WHERE IdRubrica IN (1,2,3);
SELECT 'Relaciones I-M' as Tabla, COUNT(*) as Total FROM InstrumentoMaterias WHERE MateriaId = 1;
SELECT 'Relaciones I-R' as Tabla, COUNT(*) as Total FROM InstrumentoRubricas WHERE InstrumentoEvaluacionId IN (1,2,3);
SELECT 'Evaluaciones' as Tabla, COUNT(*) as Total FROM Evaluaciones WHERE IdEstudiante IN (1,2,3,4,5);

-- =====================================================================
-- 14. CONSULTA DE PRUEBA DEL CUADERNO
-- =====================================================================
SELECT 
    e.Nombre || ' ' || e.Apellidos as Estudiante,
    ie.Nombre as Instrumento,
    r.NombreRubrica as Rubrica,
    COALESCE(ev.TotalPuntos, 0) as Calificacion,
    ir.Ponderacion as 'Ponderacion(%)'
FROM Estudiantes e
CROSS JOIN (
    SELECT DISTINCT ie.*, ir.Ponderacion, ir.OrdenPresentacion
    FROM InstrumentosEvaluacion ie
    JOIN InstrumentoMaterias im ON ie.InstrumentoId = im.InstrumentoEvaluacionId
    JOIN InstrumentoRubricas ir ON ie.InstrumentoId = ir.InstrumentoEvaluacionId
    WHERE im.MateriaId = 1 AND im.PeriodoAcademicoId = 1
) ie
JOIN InstrumentoRubricas ir ON ie.InstrumentoId = ir.InstrumentoEvaluacionId
JOIN Rubricas r ON ir.RubricaId = r.IdRubrica
LEFT JOIN Evaluaciones ev ON e.IdEstudiante = ev.IdEstudiante AND r.IdRubrica = ev.IdRubrica AND ev.Estado = 'FINALIZADA'
WHERE e.PeriodoAcademicoId = 1
ORDER BY e.Apellidos, e.Nombre, ir.OrdenPresentacion;

-- =====================================================================
-- INSTRUCCIONES DE PRUEBA
-- =====================================================================
/*
DESPUèS DE EJECUTAR ESTE SCRIPT:

1. Ir a la aplicaciµn web: https://localhost:18163/CalificadorPQ2025

2. Seleccionar:
   - Materia: MatemÃticas I
   - PerÚodo AcadÕmico: Primer Cuatrimestre 2025

3. Hacer clic en "Generar Cuaderno"

4. Verificar resultados esperados:
   - Juan Carlos PÕrez: (100æ0.30) + (80æ0.30) + (90æ0.40) = 90.00
   - MarÚa JosÕ GonzÃlez: (85æ0.30) + (75æ0.30) + (88æ0.40) = 83.20  
   - Carlos Alberto MartÚnez: (92æ0.30) + (78æ0.30) + (95æ0.40) = 88.60
   - Ana Patricia RamÚrez: (88æ0.30) + (82æ0.30) + (0æ0.40) = 51.00 (proyecto pendiente)
   - Luis Fernando Torres: (76æ0.30) + (0æ0.30) + (0æ0.40) = 22.80 (dos pendientes)

5. Probar exportaciµn a CSV

6. Verificar que las columnas se generen dinÃmicamente:
   - Tarea 1 ? Rºbrica Tarea 1 (30%)
   - Tarea 2 ? Rºbrica Tarea 2 (30%)
   - Proyecto 1 ? Rºbrica Proyecto 1 (40%)
*/